{
  "xgboost": {
    "15m": {
      "accuracy": 1.0,
      "precision": 1.0,
      "recall": 1.0,
      "f1": 1.0,
      "roc_auc": 1.0,
      "pr_auc": 1.0,
      "brier_score": 9.452770655334303e-05,
      "ece": 0.0017314200298179938,
      "rmse": 0.07241204944230983,
      "mae": 0.05054644674032036,
      "r2": 0.8534565435633557,
      "mape": 0.9134577522827071,
      "tss": 1.0,
      "hss": 0.0,
      "far": 0.0
    },
    "30m": {
      "accuracy": 1.0,
      "precision": 1.0,
      "recall": 1.0,
      "f1": 1.0,
      "roc_auc": 1.0,
      "pr_auc": 1.0,
      "brier_score": 0.00021155319809685797,
      "ece": 0.0021063535638253836,
      "rmse": 0.08579566415337986,
      "mae": 0.06229852770678661,
      "r2": 0.7956618174726289,
      "mape": 1.1300816340041957,
      "tss": 1.0,
      "hss": 0.0,
      "far": 0.0
    },
    "1h": {
      "accuracy": 1.0,
      "precision": 1.0,
      "recall": 1.0,
      "f1": 1.0,
      "roc_auc": 1.0,
      "pr_auc": 1.0,
      "brier_score": 9.669003417319803e-05,
      "ece": 0.0016677560693325857,
      "rmse": 0.0808242835881011,
      "mae": 0.05975439816130178,
      "r2": 0.817499016801142,
      "mape": 1.081443117277343,
      "tss": 1.0,
      "hss": 0.0,
      "far": 0.0
    },
    "6h": {
      "accuracy": 1.0,
      "precision": 1.0,
      "recall": 1.0,
      "f1": 1.0,
      "roc_auc": 1.0,
      "pr_auc": 1.0,
      "brier_score": 0.0006446482734631201,
      "ece": 0.004538212880783738,
      "rmse": 0.08262391489896864,
      "mae": 0.06185464412127415,
      "r2": 0.8336881439099774,
      "mape": 1.1299799193052475,
      "tss": 1.0,
      "hss": 0.0,
      "far": 0.0
    }
  },
  "lightgbm": {
    "15m": {
      "accuracy": 1.0,
      "precision": 1.0,
      "recall": 1.0,
      "f1": 1.0,
      "roc_auc": 1.0,
      "pr_auc": 1.0,
      "brier_score": 1.3039557974429035e-07,
      "ece": 0.00017603057929460597,
      "rmse": 0.08285099610346167,
      "mae": 0.057198669604889237,
      "r2": 0.8081595340011904,
      "mape": 1.0361425086462888,
      "tss": 1.0,
      "hss": 0.0,
      "far": 0.0
    },
    "30m": {
      "accuracy": 1.0,
      "precision": 1.0,
      "recall": 1.0,
      "f1": 1.0,
      "roc_auc": 1.0,
      "pr_auc": 1.0,
      "brier_score": 3.866811860719167e-07,
      "ece": 0.00025701746005768467,
      "rmse": 0.0904470117521264,
      "mae": 0.06382281786100696,
      "r2": 0.7729051470798703,
      "mape": 1.1594774999690762,
      "tss": 1.0,
      "hss": 0.0,
      "far": 0.0
    },
    "1h": {
      "accuracy": 1.0,
      "precision": 1.0,
      "recall": 1.0,
      "f1": 1.0,
      "roc_auc": 1.0,
      "pr_auc": 1.0,
      "brier_score": 2.3011337623452868e-07,
      "ece": 0.0002692114749426322,
      "rmse": 0.08243597345867723,
      "mae": 0.060841885317723235,
      "r2": 0.8101480674021236,
      "mape": 1.100941653475967,
      "tss": 1.0,
      "hss": 0.0,
      "far": 0.0
    },
    "6h": {
      "accuracy": 1.0,
      "precision": 1.0,
      "recall": 1.0,
      "f1": 1.0,
      "roc_auc": 1.0,
      "pr_auc": 1.0,
      "brier_score": 4.379722864200777e-07,
      "ece": 0.00029225572196411864,
      "rmse": 0.08331564367710087,
      "mae": 0.06278486398296898,
      "r2": 0.8308917557983372,
      "mape": 1.1468094169269343,
      "tss": 1.0,
      "hss": 0.0,
      "far": 0.0
    }
  },
  "lstm": {
    "15m": {
      "accuracy": 0.9917610710607621,
      "precision": 0.98359002207159,
      "recall": 0.9917610710607621,
      "f1": 0.9876586467750919,
      "roc_auc": 0.9678413811007268,
      "pr_auc": 0.5540429105105105,
      "brier_score": 0.0164776981216936,
      "ece": 0.00823380293978726,
      "rmse": 0.15401391146228025,
      "mae": 0.10361294448375702,
      "r2": 0.3370745778083801,
      "mape": 1.906887412071228,
      "tss": 1.0,
      "hss": 0.0,
      "far": 0.0
    },
    "30m": {
      "accuracy": 0.9917610710607621,
      "precision": 0.98359002207159,
      "recall": 0.9917610710607621,
      "f1": 0.9876586467750919,
      "roc_auc": 0.8832424714434061,
      "pr_auc": 0.5151974034598794,
      "brier_score": 0.01647773277143485,
      "ece": 0.008233385707273833,
      "rmse": 0.17829897565927189,
      "mae": 0.11440816521644592,
      "r2": 0.1174963116645813,
      "mape": 2.117079257965088,
      "tss": 1.0,
      "hss": 0.0,
      "far": 0.0
    },
    "1h": {
      "accuracy": 0.9917610710607621,
      "precision": 0.98359002207159,
      "recall": 0.9917610710607621,
      "f1": 0.9876586467750919,
      "roc_auc": 0.8854166666666666,
      "pr_auc": 0.5162471100827869,
      "brier_score": 0.016477720159201865,
      "ece": 0.008233266497984282,
      "rmse": 0.20521186827182283,
      "mae": 0.13186366856098175,
      "r2": -0.1764850616455078,
      "mape": 2.444976806640625,
      "tss": 1.0,
      "hss": 0.0,
      "far": 0.0
    },
    "6h": {
      "accuracy": 0.9814624098867147,
      "precision": 0.9632684620206375,
      "recall": 0.9814624098867147,
      "f1": 0.9722803291289388,
      "roc_auc": 0.625488224320858,
      "pr_auc": 0.5068912535192527,
      "brier_score": 0.03707491969089399,
      "ece": 0.01853204688132115,
      "rmse": 0.22788396571240713,
      "mae": 0.15447646379470825,
      "r2": -0.2651418447494507,
      "mape": 2.8839995861053467,
      "tss": 1.0,
      "hss": 0.0,
      "far": 0.0
    }
  },
  "ensemble": {
    "15m": {
      "accuracy": 1.0,
      "precision": 1.0,
      "recall": 1.0,
      "f1": 1.0,
      "roc_auc": 1.0,
      "pr_auc": 1.0,
      "brier_score": 0.0017631831278137763,
      "ece": 0.0032185693947627157,
      "rmse": 0.09153027565061121,
      "mae": 0.06370244317171812,
      "r2": 0.7658607123147505,
      "mape": 1.1622864174932817,
      "tss": 1.0,
      "hss": 0.0,
      "far": 0.0
    },
    "30m": {
      "accuracy": 1.0,
      "precision": 1.0,
      "recall": 1.0,
      "f1": 1.0,
      "roc_auc": 1.0,
      "pr_auc": 1.0,
      "brier_score": 0.001898033030139507,
      "ece": 0.003392971626749008,
      "rmse": 0.10852517350692316,
      "mae": 0.07432777283163478,
      "r2": 0.6730511433654096,
      "mape": 1.362226772338842,
      "tss": 1.0,
      "hss": 0.0,
      "far": 0.0
    },
    "1h": {
      "accuracy": 1.0,
      "precision": 1.0,
      "recall": 1.0,
      "f1": 1.0,
      "roc_auc": 1.0,
      "pr_auc": 1.0,
      "brier_score": 0.0017188476621776022,
      "ece": 0.0032212070837612785,
      "rmse": 0.11029632610434383,
      "mae": 0.07819618070066273,
      "r2": 0.6601372445333622,
      "mape": 1.433875117475587,
      "tss": 1.0,
      "hss": 0.0,
      "far": 0.0
    },
    "6h": {
      "accuracy": 1.0,
      "precision": 1.0,
      "recall": 1.0,
      "f1": 1.0,
      "roc_auc": 1.0,
      "pr_auc": 1.0,
      "brier_score": 0.004482626155883762,
      "ece": 0.007465859802803643,
      "rmse": 0.11611489204490213,
      "mae": 0.08251614324083931,
      "r2": 0.6715361961342925,
      "mape": 1.5282819747130558,
      "tss": 1.0,
      "hss": 0.0,
      "far": 0.0
    }
  }
}